89 + 878 = ?	967
773 + 62 = ?	835
654 + 397 = ?	1051
438 + 458 = ?	896
433 + 797 = ?	1230
858 + 129 = ?	987
85 + 434 = ?	519
697 + 152 = ?	849
201 + 787 = ?	988
94 + 632 = ?	726
526 + 496 = ?	1022
975 + 392 = ?	1367
735 + 153 = ?	888
761 + 921 = ?	1682
717 + 647 = ?	1364
786 + 319 = ?	1105
513 + 413 = ?	926
128 + 726 = ?	854
839 + 719 = ?	1558
450 + 461 = ?	911
500 + 302 = ?	802
370 + 659 = ?	1029
182 + 658 = ?	840
926 + 599 = ?	1525
781 + 72 = ?	853
643 + 472 = ?	1115
402 + 613 = ?	1015
822 + 950 = ?	1772
545 + 525 = ?	1070
443 + 342 = ?	785
450 + 555 = ?	1005
227 + 177 = ?	404
92 + 90 = ?	182
554 + 678 = ?	1232
887 + 986 = ?	1873
63 + 846 = ?	909
858 + 583 = ?	1441
827 + 40 = ?	867
276 + 987 = ?	1263
631 + 449 = ?	1080
165 + 289 = ?	454
758 + 892 = ?	1650
700 + 746 = ?	1446
354 + 749 = ?	1103
67 + 277 = ?	344
970 + 991 = ?	1961
445 + 452 = ?	897
893 + 531 = ?	1424
677 + 750 = ?	1427
778 + 659 = ?	1437
759 + 172 = ?	931
194 + 302 = ?	496
363 + 361 = ?	724
466 + 947 = ?	1413
497 + 714 = ?	1211
43 + 366 = ?	409
546 + 734 = ?	1280
154 + 738 = ?	892
743 + 394 = ?	1137
683 + 403 = ?	1086
922 + 894 = ?	1816
744 + 561 = ?	1305
366 + 149 = ?	515
967 + 719 = ?	1686
410 + 589 = ?	999
325 + 508 = ?	833
905 + 725 = ?	1630
370 + 907 = ?	1277
76 + 330 = ?	406
469 + 419 = ?	888
795 + 189 = ?	984
189 + 647 = ?	836
462 + 402 = ?	864
129 + 342 = ?	471
686 + 696 = ?	1382
475 + 408 = ?	883
330 + 464 = ?	794
226 + 440 = ?	666
564 + 258 = ?	822
669 + 125 = ?	794
940 + 827 = ?	1767
437 + 91 = ?	528
160 + 324 = ?	484
832 + 667 = ?	1499
629 + 131 = ?	760
700 + 655 = ?	1355
97 + 733 = ?	830
312 + 662 = ?	974
767 + 305 = ?	1072
832 + 19 = ?	851
435 + 887 = ?	1322
804 + 326 = ?	1130
841 + 805 = ?	1646
387 + 197 = ?	584
898 + 162 = ?	1060
288 + 778 = ?	1066
239 + 939 = ?	1178
682 + 860 = ?	1542
636 + 751 = ?	1387
139 + 246 = ?	385
832 + 913 = ?	1745
199 + 667 = ?	866
804 + 172 = ?	976
7 + 129 = ?	136
796 + 871 = ?	1667
786 + 275 = ?	1061
780 + 765 = ?	1545
664 + 138 = ?	802
471 + 280 = ?	751
705 + 283 = ?	988
277 + 281 = ?	558
780 + 674 = ?	1454
555 + 914 = ?	1469
458 + 910 = ?	1368
505 + 741 = ?	1246
568 + 202 = ?	770
37 + 960 = ?	997
139 + 542 = ?	681
245 + 545 = ?	790
114 + 701 = ?	815
439 + 769 = ?	1208
668 + 952 = ?	1620
654 + 582 = ?	1236
471 + 610 = ?	1081
855 + 745 = ?	1600
565 + 255 = ?	820
79 + 307 = ?	386
764 + 625 = ?	1389
574 + 64 = ?	638
634 + 320 = ?	954
565 + 717 = ?	1282
553 + 976 = ?	1529
90 + 519 = ?	609
559 + 399 = ?	958
794 + 440 = ?	1234
303 + 685 = ?	988
602 + 544 = ?	1146
30 + 23 = ?	53
347 + 539 = ?	886
436 + 400 = ?	836
982 + 700 = ?	1682
214 + 875 = ?	1089
276 + 962 = ?	1238
408 + 610 = ?	1018
992 + 362 = ?	1354
853 + 443 = ?	1296
34 + 176 = ?	210
233 + 935 = ?	1168
821 + 847 = ?	1668
58 + 853 = ?	911
855 + 328 = ?	1183
281 + 322 = ?	603
917 + 856 = ?	1773
293 + 544 = ?	837
434 + 704 = ?	1138
661 + 489 = ?	1150
126 + 442 = ?	568
557 + 632 = ?	1189
505 + 812 = ?	1317
783 + 334 = ?	1117
996 + 809 = ?	1805
664 + 244 = ?	908
409 + 402 = ?	811
406 + 912 = ?	1318
417 + 954 = ?	1371
814 + 923 = ?	1737
321 + 316 = ?	637
166 + 843 = ?	1009
334 + 936 = ?	1270
22 + 978 = ?	1000
106 + 20 = ?	126
90 + 744 = ?	834
771 + 996 = ?	1767
722 + 764 = ?	1486
696 + 233 = ?	929
461 + 762 = ?	1223
717 + 105 = ?	822
161 + 480 = ?	641
900 + 626 = ?	1526
501 + 456 = ?	957
938 + 699 = ?	1637
152 + 240 = ?	392
497 + 606 = ?	1103
696 + 644 = ?	1340
495 + 633 = ?	1128
446 + 289 = ?	735
166 + 305 = ?	471
381 + 257 = ?	638
238 + 461 = ?	699
301 + 585 = ?	886
683 + 362 = ?	1045
630 + 409 = ?	1039
607 + 286 = ?	893
361 + 218 = ?	579
959 + 657 = ?	1616
87 + 816 = ?	903
342 + 290 = ?	632
118 + 860 = ?	978
338 + 570 = ?	908
961 + 167 = ?	1128
366 + 365 = ?	731
908 + 7 = ?	915
495 + 39 = ?	534
699 + 336 = ?	1035
457 + 454 = ?	911
265 + 797 = ?	1062
764 + 134 = ?	898
969 + 839 = ?	1808
263 + 234 = ?	497
778 + 138 = ?	916
261 + 699 = ?	960
716 + 774 = ?	1490
789 + 604 = ?	1393
449 + 115 = ?	564
736 + 115 = ?	851
272 + 390 = ?	662
79 + 450 = ?	529
96 + 998 = ?	1094
447 + 286 = ?	733
902 + 192 = ?	1094
127 + 945 = ?	1072
455 + 153 = ?	608
704 + 26 = ?	730
202 + 422 = ?	624
721 + 401 = ?	1122
305 + 619 = ?	924
808 + 877 = ?	1685
579 + 932 = ?	1511
546 + 289 = ?	835
176 + 980 = ?	1156
463 + 632 = ?	1095
856 + 69 = ?	925
19 + 938 = ?	957
758 + 137 = ?	895
492 + 588 = ?	1080
719 + 790 = ?	1509
663 + 249 = ?	912
432 + 270 = ?	702
308 + 476 = ?	784
627 + 884 = ?	1511
140 + 223 = ?	363
584 + 663 = ?	1247
94 + 452 = ?	546
649 + 111 = ?	760
628 + 710 = ?	1338
84 + 832 = ?	916
757 + 575 = ?	1332
415 + 176 = ?	591
786 + 155 = ?	941
41 + 423 = ?	464
179 + 506 = ?	685
493 + 552 = ?	1045
188 + 243 = ?	431
329 + 500 = ?	829
660 + 295 = ?	955
144 + 686 = ?	830
677 + 796 = ?	1473
103 + 652 = ?	755
175 + 1 = ?	176
587 + 992 = ?	1579
793 + 23 = ?	816
170 + 999 = ?	1169
299 + 31 = ?	330
925 + 516 = ?	1441
989 + 105 = ?	1094
581 + 95 = ?	676
447 + 683 = ?	1130
346 + 727 = ?	1073
612 + 118 = ?	730
590 + 976 = ?	1566
294 + 320 = ?	614
22 + 318 = ?	340
151 + 296 = ?	447
958 + 461 = ?	1419
418 + 177 = ?	595
482 + 424 = ?	906
467 + 209 = ?	676
782 + 51 = ?	833
64 + 368 = ?	432
82 + 672 = ?	754
275 + 763 = ?	1038
486 + 353 = ?	839
671 + 323 = ?	994
490 + 787 = ?	1277
441 + 681 = ?	1122
937 + 832 = ?	1769
161 + 906 = ?	1067
571 + 821 = ?	1392
542 + 936 = ?	1478
473 + 416 = ?	889
807 + 394 = ?	1201
266 + 321 = ?	587
953 + 235 = ?	1188
331 + 748 = ?	1079
545 + 714 = ?	1259
520 + 801 = ?	1321
849 + 167 = ?	1016
438 + 491 = ?	929
284 + 221 = ?	505
21 + 893 = ?	914
363 + 267 = ?	630
826 + 143 = ?	969
9 + 569 = ?	578
896 + 879 = ?	1775
542 + 915 = ?	1457
140 + 96 = ?	236
302 + 325 = ?	627
554 + 153 = ?	707
315 + 307 = ?	622
108 + 533 = ?	641
665 + 280 = ?	945
672 + 67 = ?	739
118 + 510 = ?	628
281 + 52 = ?	333
243 + 226 = ?	469
659 + 0 = ?	659
730 + 86 = ?	816
726 + 436 = ?	1162
938 + 850 = ?	1788
768 + 774 = ?	1542
320 + 98 = ?	418
107 + 34 = ?	141
614 + 338 = ?	952
916 + 652 = ?	1568
975 + 746 = ?	1721
230 + 823 = ?	1053
236 + 342 = ?	578
37 + 168 = ?	205
141 + 26 = ?	167
554 + 146 = ?	700
546 + 65 = ?	611
370 + 860 = ?	1230
309 + 268 = ?	577
829 + 823 = ?	1652
460 + 553 = ?	1013
808 + 538 = ?	1346
963 + 454 = ?	1417
317 + 819 = ?	1136
202 + 43 = ?	245
952 + 92 = ?	1044
634 + 423 = ?	1057
290 + 394 = ?	684
621 + 545 = ?	1166
515 + 737 = ?	1252
905 + 587 = ?	1492
255 + 257 = ?	512
991 + 327 = ?	1318
936 + 752 = ?	1688
180 + 201 = ?	381
164 + 504 = ?	668
533 + 538 = ?	1071
44 + 750 = ?	794
298 + 714 = ?	1012
435 + 464 = ?	899
969 + 309 = ?	1278
992 + 367 = ?	1359
151 + 411 = ?	562
891 + 219 = ?	1110
90 + 625 = ?	715
748 + 208 = ?	956
845 + 648 = ?	1493
890 + 751 = ?	1641
223 + 961 = ?	1184
893 + 118 = ?	1011
115 + 759 = ?	874
518 + 85 = ?	603
469 + 337 = ?	806
315 + 176 = ?	491
22 + 162 = ?	184
772 + 175 = ?	947
335 + 43 = ?	378
661 + 823 = ?	1484
410 + 61 = ?	471
373 + 398 = ?	771
886 + 699 = ?	1585
94 + 990 = ?	1084
736 + 853 = ?	1589
746 + 137 = ?	883
379 + 987 = ?	1366
262 + 653 = ?	915
5 + 179 = ?	184
936 + 448 = ?	1384
947 + 917 = ?	1864
240 + 392 = ?	632
31 + 183 = ?	214
122 + 875 = ?	997
67 + 952 = ?	1019
831 + 975 = ?	1806
891 + 955 = ?	1846
153 + 872 = ?	1025
746 + 454 = ?	1200
179 + 192 = ?	371
367 + 617 = ?	984
599 + 220 = ?	819
719 + 473 = ?	1192
874 + 656 = ?	1530
44 + 946 = ?	990
196 + 289 = ?	485
280 + 251 = ?	531
310 + 734 = ?	1044
998 + 6 = ?	1004
777 + 566 = ?	1343
320 + 745 = ?	1065
971 + 550 = ?	1521
499 + 383 = ?	882
500 + 828 = ?	1328
433 + 371 = ?	804
143 + 710 = ?	853
934 + 464 = ?	1398
13 + 26 = ?	39
174 + 530 = ?	704
229 + 49 = ?	278
279 + 930 = ?	1209
131 + 601 = ?	732
17 + 372 = ?	389
677 + 486 = ?	1163
969 + 619 = ?	1588
121 + 260 = ?	381
296 + 288 = ?	584
506 + 418 = ?	924
927 + 258 = ?	1185
694 + 757 = ?	1451
766 + 103 = ?	869
581 + 826 = ?	1407
417 + 348 = ?	765
199 + 561 = ?	760
864 + 157 = ?	1021
804 + 385 = ?	1189
25 + 754 = ?	779
715 + 270 = ?	985
84 + 132 = ?	216
738 + 521 = ?	1259
825 + 162 = ?	987
131 + 314 = ?	445
433 + 450 = ?	883
123 + 564 = ?	687
567 + 639 = ?	1206
927 + 676 = ?	1603
80 + 844 = ?	924
397 + 66 = ?	463
973 + 362 = ?	1335
300 + 1 = ?	301
132 + 9 = ?	141
488 + 212 = ?	700
508 + 598 = ?	1106
662 + 894 = ?	1556
313 + 773 = ?	1086
955 + 646 = ?	1601
521 + 778 = ?	1299
286 + 171 = ?	457
960 + 839 = ?	1799
924 + 890 = ?	1814
499 + 95 = ?	594
24 + 469 = ?	493
596 + 830 = ?	1426
555 + 476 = ?	1031
148 + 840 = ?	988
633 + 935 = ?	1568
840 + 474 = ?	1314
105 + 59 = ?	164
723 + 340 = ?	1063
140 + 215 = ?	355
748 + 474 = ?	1222
419 + 585 = ?	1004
6 + 463 = ?	469
966 + 195 = ?	1161
165 + 301 = ?	466
596 + 679 = ?	1275
181 + 26 = ?	207
933 + 214 = ?	1147
738 + 892 = ?	1630
804 + 99 = ?	903
432 + 414 = ?	846
467 + 206 = ?	673
634 + 104 = ?	738
784 + 422 = ?	1206
846 + 521 = ?	1367
17 + 176 = ?	193
663 + 77 = ?	740
109 + 134 = ?	243
287 + 651 = ?	938
829 + 860 = ?	1689
250 + 180 = ?	430
796 + 320 = ?	1116
463 + 343 = ?	806
232 + 360 = ?	592
334 + 244 = ?	578
530 + 55 = ?	585
765 + 525 = ?	1290
606 + 357 = ?	963
933 + 342 = ?	1275
867 + 264 = ?	1131
753 + 929 = ?	1682
603 + 610 = ?	1213
289 + 418 = ?	707
412 + 205 = ?	617
118 + 801 = ?	919
374 + 888 = ?	1262
926 + 32 = ?	958
425 + 929 = ?	1354
113 + 699 = ?	812
651 + 99 = ?	750
962 + 753 = ?	1715
867 + 107 = ?	974
274 + 50 = ?	324
453 + 115 = ?	568
531 + 459 = ?	990
247 + 619 = ?	866
268 + 407 = ?	675
236 + 121 = ?	357
994 + 199 = ?	1193
746 + 852 = ?	1598
840 + 962 = ?	1802
816 + 754 = ?	1570
959 + 103 = ?	1062
105 + 819 = ?	924
881 + 691 = ?	1572
66 + 526 = ?	592
475 + 143 = ?	618
594 + 996 = ?	1590
357 + 442 = ?	799
146 + 44 = ?	190
192 + 209 = ?	401
824 + 401 = ?	1225
318 + 62 = ?	380
310 + 323 = ?	633
923 + 468 = ?	1391
143 + 948 = ?	1091
915 + 86 = ?	1001
920 + 576 = ?	1496
598 + 915 = ?	1513
165 + 806 = ?	971
155 + 924 = ?	1079
284 + 170 = ?	454
577 + 801 = ?	1378
153 + 978 = ?	1131
455 + 326 = ?	781
115 + 498 = ?	613
540 + 530 = ?	1070
21 + 493 = ?	514
709 + 289 = ?	998
55 + 970 = ?	1025
194 + 956 = ?	1150
174 + 380 = ?	554
830 + 805 = ?	1635
53 + 397 = ?	450
429 + 794 = ?	1223
591 + 584 = ?	1175
515 + 470 = ?	985
680 + 128 = ?	808
803 + 654 = ?	1457
393 + 321 = ?	714
828 + 216 = ?	1044
317 + 193 = ?	510
984 + 981 = ?	1965
504 + 103 = ?	607
736 + 798 = ?	1534
875 + 866 = ?	1741
792 + 31 = ?	823
851 + 589 = ?	1440
536 + 577 = ?	1113
43 + 358 = ?	401
493 + 666 = ?	1159
181 + 408 = ?	589
889 + 439 = ?	1328
236 + 431 = ?	667
228 + 800 = ?	1028
249 + 633 = ?	882
642 + 379 = ?	1021
571 + 926 = ?	1497
948 + 802 = ?	1750
416 + 932 = ?	1348
282 + 730 = ?	1012
49 + 391 = ?	440
7 + 772 = ?	779
373 + 329 = ?	702
925 + 270 = ?	1195
523 + 451 = ?	974
893 + 969 = ?	1862
101 + 567 = ?	668
93 + 383 = ?	476
833 + 461 = ?	1294
106 + 291 = ?	397
51 + 658 = ?	709
404 + 350 = ?	754
924 + 554 = ?	1478
689 + 369 = ?	1058
99 + 320 = ?	419
837 + 970 = ?	1807
843 + 345 = ?	1188
800 + 70 = ?	870
902 + 378 = ?	1280
239 + 532 = ?	771
979 + 94 = ?	1073
320 + 305 = ?	625
802 + 166 = ?	968
579 + 500 = ?	1079
779 + 723 = ?	1502
627 + 968 = ?	1595
642 + 389 = ?	1031
616 + 863 = ?	1479
778 + 214 = ?	992
739 + 780 = ?	1519
134 + 562 = ?	696
826 + 758 = ?	1584
536 + 755 = ?	1291
323 + 532 = ?	855
514 + 257 = ?	771
966 + 526 = ?	1492
857 + 826 = ?	1683
833 + 970 = ?	1803
462 + 927 = ?	1389
784 + 181 = ?	965
385 + 597 = ?	982
686 + 104 = ?	790
639 + 668 = ?	1307
249 + 992 = ?	1241
266 + 52 = ?	318
61 + 656 = ?	717
139 + 945 = ?	1084
433 + 847 = ?	1280
477 + 392 = ?	869
165 + 103 = ?	268
416 + 923 = ?	1339
604 + 921 = ?	1525
232 + 578 = ?	810
338 + 978 = ?	1316
367 + 4 = ?	371
505 + 616 = ?	1121
366 + 38 = ?	404
736 + 935 = ?	1671
327 + 680 = ?	1007
433 + 913 = ?	1346
379 + 562 = ?	941
182 + 83 = ?	265
685 + 26 = ?	711
235 + 335 = ?	570
296 + 743 = ?	1039
792 + 151 = ?	943
948 + 852 = ?	1800
670 + 239 = ?	909
916 + 496 = ?	1412
854 + 203 = ?	1057
480 + 465 = ?	945
770 + 452 = ?	1222
328 + 5 = ?	333
460 + 567 = ?	1027
535 + 786 = ?	1321
960 + 936 = ?	1896
848 + 330 = ?	1178
489 + 880 = ?	1369
652 + 878 = ?	1530
202 + 988 = ?	1190
804 + 373 = ?	1177
553 + 850 = ?	1403
532 + 565 = ?	1097
766 + 58 = ?	824
632 + 270 = ?	902
72 + 672 = ?	744
288 + 160 = ?	448
176 + 434 = ?	610
734 + 774 = ?	1508
35 + 149 = ?	184
202 + 496 = ?	698
597 + 214 = ?	811
694 + 536 = ?	1230
503 + 240 = ?	743
860 + 965 = ?	1825
918 + 76 = ?	994
132 + 963 = ?	1095
952 + 791 = ?	1743
614 + 855 = ?	1469
636 + 851 = ?	1487
95 + 187 = ?	282
621 + 931 = ?	1552
725 + 594 = ?	1319
580 + 962 = ?	1542
84 + 878 = ?	962
523 + 579 = ?	1102
935 + 374 = ?	1309
723 + 117 = ?	840
137 + 101 = ?	238
959 + 389 = ?	1348
958 + 810 = ?	1768
169 + 505 = ?	674
800 + 481 = ?	1281
406 + 244 = ?	650
593 + 564 = ?	1157
445 + 638 = ?	1083
782 + 982 = ?	1764
996 + 729 = ?	1725
795 + 607 = ?	1402
931 + 910 = ?	1841
946 + 424 = ?	1370
90 + 934 = ?	1024
253 + 369 = ?	622
721 + 127 = ?	848
590 + 417 = ?	1007
50 + 128 = ?	178
95 + 118 = ?	213
520 + 881 = ?	1401
616 + 794 = ?	1410
167 + 221 = ?	388
171 + 837 = ?	1008
129 + 68 = ?	197
564 + 284 = ?	848
7 + 706 = ?	713
572 + 303 = ?	875
475 + 730 = ?	1205
465 + 874 = ?	1339
679 + 66 = ?	745
522 + 23 = ?	545
727 + 940 = ?	1667
763 + 520 = ?	1283
920 + 506 = ?	1426
799 + 463 = ?	1262
517 + 433 = ?	950
492 + 690 = ?	1182
235 + 579 = ?	814
599 + 163 = ?	762
139 + 626 = ?	765
931 + 668 = ?	1599
845 + 113 = ?	958
119 + 376 = ?	495
785 + 790 = ?	1575
117 + 618 = ?	735
721 + 136 = ?	857
87 + 40 = ?	127
488 + 581 = ?	1069
657 + 461 = ?	1118
728 + 961 = ?	1689
418 + 522 = ?	940
921 + 931 = ?	1852
774 + 214 = ?	988
208 + 447 = ?	655
671 + 139 = ?	810
730 + 574 = ?	1304
333 + 188 = ?	521
738 + 492 = ?	1230
898 + 344 = ?	1242
817 + 185 = ?	1002
762 + 96 = ?	858
634 + 512 = ?	1146
270 + 947 = ?	1217
795 + 198 = ?	993
364 + 404 = ?	768
532 + 224 = ?	756
314 + 808 = ?	1122
313 + 414 = ?	727
157 + 974 = ?	1131
961 + 245 = ?	1206
147 + 80 = ?	227
86 + 582 = ?	668
936 + 651 = ?	1587
555 + 990 = ?	1545
437 + 871 = ?	1308
737 + 884 = ?	1621
383 + 634 = ?	1017
127 + 359 = ?	486
729 + 429 = ?	1158
175 + 133 = ?	308
552 + 431 = ?	983
949 + 364 = ?	1313
936 + 35 = ?	971
360 + 204 = ?	564
780 + 534 = ?	1314
612 + 369 = ?	981
479 + 993 = ?	1472
139 + 478 = ?	617
376 + 958 = ?	1334
651 + 660 = ?	1311
986 + 40 = ?	1026
4 + 203 = ?	207
717 + 705 = ?	1422
846 + 545 = ?	1391
951 + 301 = ?	1252
423 + 522 = ?	945
118 + 902 = ?	1020
270 + 388 = ?	658
850 + 45 = ?	895
877 + 310 = ?	1187
637 + 935 = ?	1572
122 + 761 = ?	883
121 + 837 = ?	958
478 + 911 = ?	1389
588 + 117 = ?	705
32 + 282 = ?	314
686 + 59 = ?	745
544 + 4 = ?	548
12 + 834 = ?	846
95 + 936 = ?	1031
454 + 155 = ?	609
722 + 722 = ?	1444
825 + 534 = ?	1359
431 + 69 = ?	500
295 + 915 = ?	1210
968 + 871 = ?	1839
458 + 567 = ?	1025
315 + 707 = ?	1022
442 + 397 = ?	839
12 + 792 = ?	804
301 + 445 = ?	746
515 + 989 = ?	1504
918 + 63 = ?	981
738 + 172 = ?	910
781 + 968 = ?	1749
544 + 288 = ?	832
110 + 310 = ?	420
390 + 791 = ?	1181
997 + 189 = ?	1186
44 + 513 = ?	557
879 + 286 = ?	1165
684 + 197 = ?	881
283 + 964 = ?	1247
777 + 199 = ?	976
836 + 94 = ?	930
43 + 673 = ?	716
106 + 867 = ?	973
665 + 127 = ?	792
999 + 707 = ?	1706
23 + 540 = ?	563
665 + 830 = ?	1495
136 + 126 = ?	262
650 + 975 = ?	1625
623 + 619 = ?	1242
90 + 842 = ?	932
680 + 361 = ?	1041
897 + 943 = ?	1840
863 + 626 = ?	1489
28 + 126 = ?	154
245 + 922 = ?	1167
240 + 795 = ?	1035
453 + 300 = ?	753
143 + 545 = ?	688
854 + 388 = ?	1242
776 + 543 = ?	1319
808 + 965 = ?	1773
198 + 898 = ?	1096
14 + 215 = ?	229
910 + 971 = ?	1881
288 + 437 = ?	725
656 + 704 = ?	1360
909 + 764 = ?	1673
36 + 482 = ?	518
5 + 456 = ?	461
5 + 456 = ?	461
156 + 862 = ?	1018
51 + 386 = ?	437
819 + 279 = ?	1098
605 + 361 = ?	966
980 + 194 = ?	1174
801 + 391 = ?	1192
963 + 114 = ?	1077
238 + 89 = ?	327
287 + 723 = ?	1010
849 + 77 = ?	926
244 + 568 = ?	812
57 + 779 = ?	836
669 + 724 = ?	1393
800 + 446 = ?	1246
968 + 193 = ?	1161
927 + 930 = ?	1857
120 + 835 = ?	955
772 + 612 = ?	1384
846 + 86 = ?	932
698 + 35 = ?	733
819 + 315 = ?	1134
837 + 157 = ?	994
446 + 860 = ?	1306
40 + 205 = ?	245
456 + 282 = ?	738
201 + 975 = ?	1176
113 + 818 = ?	931
124 + 218 = ?	342
697 + 383 = ?	1080
504 + 515 = ?	1019
539 + 664 = ?	1203
745 + 936 = ?	1681
548 + 871 = ?	1419
630 + 977 = ?	1607
86 + 40 = ?	126
851 + 236 = ?	1087
448 + 563 = ?	1011
155 + 49 = ?	204
813 + 355 = ?	1168
734 + 153 = ?	887
53 + 932 = ?	985
193 + 63 = ?	256
15 + 148 = ?	163
270 + 195 = ?	465
99 + 148 = ?	247
709 + 568 = ?	1277
522 + 364 = ?	886
980 + 912 = ?	1892
749 + 260 = ?	1009
611 + 537 = ?	1148
509 + 660 = ?	1169
54 + 625 = ?	679
70 + 796 = ?	866
616 + 201 = ?	817
4 + 507 = ?	511
42 + 800 = ?	842
219 + 863 = ?	1082
884 + 617 = ?	1501
458 + 651 = ?	1109
709 + 864 = ?	1573
411 + 624 = ?	1035
173 + 948 = ?	1121
371 + 127 = ?	498
91 + 347 = ?	438
770 + 112 = ?	882
183 + 90 = ?	273
376 + 471 = ?	847
980 + 225 = ?	1205
591 + 407 = ?	998
458 + 437 = ?	895
543 + 620 = ?	1163
784 + 945 = ?	1729
254 + 849 = ?	1103
636 + 378 = ?	1014
872 + 325 = ?	1197
572 + 770 = ?	1342
446 + 123 = ?	569
145 + 540 = ?	685
248 + 423 = ?	671
946 + 182 = ?	1128
541 + 616 = ?	1157
301 + 320 = ?	621
418 + 185 = ?	603
578 + 653 = ?	1231
537 + 174 = ?	711
699 + 672 = ?	1371
257 + 162 = ?	419
649 + 434 = ?	1083
442 + 807 = ?	1249
940 + 228 = ?	1168
157 + 767 = ?	924
148 + 721 = ?	869
461 + 902 = ?	1363
508 + 168 = ?	676
690 + 715 = ?	1405
404 + 936 = ?	1340
913 + 763 = ?	1676
474 + 187 = ?	661
129 + 822 = ?	951
119 + 107 = ?	226
973 + 588 = ?	1561
134 + 497 = ?	631
947 + 531 = ?	1478
278 + 519 = ?	797
93 + 31 = ?	124
304 + 508 = ?	812
614 + 936 = ?	1550
427 + 436 = ?	863
785 + 276 = ?	1061
610 + 994 = ?	1604
400 + 98 = ?	498
634 + 486 = ?	1120
971 + 512 = ?	1483
411 + 477 = ?	888
153 + 921 = ?	1074
408 + 421 = ?	829
840 + 973 = ?	1813
217 + 66 = ?	283
949 + 733 = ?	1682
588 + 592 = ?	1180
601 + 240 = ?	841
317 + 227 = ?	544
920 + 719 = ?	1639
36 + 637 = ?	673
298 + 611 = ?	909
418 + 50 = ?	468
477 + 597 = ?	1074
474 + 981 = ?	1455
147 + 17 = ?	164
225 + 469 = ?	694
95 + 494 = ?	589
572 + 896 = ?	1468
350 + 282 = ?	632
565 + 475 = ?	1040
589 + 717 = ?	1306
702 + 60 = ?	762
547 + 801 = ?	1348
647 + 822 = ?	1469
587 + 719 = ?	1306
652 + 648 = ?	1300
616 + 747 = ?	1363
316 + 781 = ?	1097
246 + 903 = ?	1149
787 + 428 = ?	1215
342 + 456 = ?	798
549 + 637 = ?	1186
196 + 193 = ?	389
431 + 856 = ?	1287
529 + 770 = ?	1299
626 + 631 = ?	1257
526 + 301 = ?	827
360 + 347 = ?	707
961 + 434 = ?	1395
512 + 662 = ?	1174
808 + 778 = ?	1586
736 + 671 = ?	1407
558 + 929 = ?	1487
886 + 960 = ?	1846
128 + 704 = ?	832
921 + 370 = ?	1291
850 + 599 = ?	1449
503 + 425 = ?	928
733 + 629 = ?	1362
520 + 812 = ?	1332
268 + 369 = ?	637
799 + 505 = ?	1304
245 + 45 = ?	290
314 + 736 = ?	1050
519 + 489 = ?	1008
837 + 459 = ?	1296
383 + 532 = ?	915
494 + 215 = ?	709
41 + 597 = ?	638
115 + 745 = ?	860
55 + 349 = ?	404
72 + 131 = ?	203
868 + 386 = ?	1254
841 + 198 = ?	1039
821 + 373 = ?	1194
55 + 626 = ?	681
77 + 113 = ?	190
280 + 747 = ?	1027
565 + 224 = ?	789
334 + 894 = ?	1228
487 + 732 = ?	1219
172 + 272 = ?	444
730 + 563 = ?	1293
313 + 110 = ?	423
66 + 99 = ?	165
742 + 956 = ?	1698
902 + 802 = ?	1704
14 + 154 = ?	168
436 + 282 = ?	718
827 + 197 = ?	1024
706 + 395 = ?	1101
856 + 291 = ?	1147
415 + 328 = ?	743
372 + 529 = ?	901
709 + 189 = ?	898
153 + 882 = ?	1035
239 + 727 = ?	966
600 + 760 = ?	1360
668 + 169 = ?	837
119 + 708 = ?	827
508 + 836 = ?	1344
364 + 175 = ?	539
501 + 751 = ?	1252
958 + 357 = ?	1315
76 + 787 = ?	863
995 + 478 = ?	1473
449 + 802 = ?	1251
772 + 147 = ?	919
424 + 389 = ?	813
310 + 273 = ?	583
770 + 248 = ?	1018
687 + 308 = ?	995
144 + 382 = ?	526
705 + 127 = ?	832
753 + 707 = ?	1460
387 + 550 = ?	937
925 + 829 = ?	1754
640 + 705 = ?	1345
333 + 149 = ?	482
10 + 69 = ?	79
674 + 422 = ?	1096
209 + 481 = ?	690
756 + 240 = ?	996
525 + 782 = ?	1307
466 + 581 = ?	1047
163 + 747 = ?	910
711 + 109 = ?	820
165 + 815 = ?	980
417 + 206 = ?	623
836 + 448 = ?	1284
920 + 439 = ?	1359
989 + 820 = ?	1809
958 + 276 = ?	1234
555 + 240 = ?	795
200 + 339 = ?	539
839 + 360 = ?	1199
801 + 181 = ?	982
990 + 176 = ?	1166
650 + 231 = ?	881
141 + 467 = ?	608
502 + 343 = ?	845
448 + 392 = ?	840
842 + 719 = ?	1561
392 + 240 = ?	632
328 + 909 = ?	1237
80 + 751 = ?	831
835 + 174 = ?	1009
755 + 313 = ?	1068
41 + 183 = ?	224
433 + 272 = ?	705
479 + 365 = ?	844
469 + 130 = ?	599
918 + 14 = ?	932
150 + 438 = ?	588
306 + 700 = ?	1006
180 + 302 = ?	482
244 + 860 = ?	1104
907 + 369 = ?	1276
940 + 900 = ?	1840
44 + 235 = ?	279
632 + 539 = ?	1171
232 + 763 = ?	995
192 + 59 = ?	251
292 + 930 = ?	1222
194 + 364 = ?	558
490 + 497 = ?	987
995 + 628 = ?	1623
586 + 642 = ?	1228
723 + 23 = ?	746
493 + 867 = ?	1360
13 + 623 = ?	636
84 + 998 = ?	1082
268 + 471 = ?	739
243 + 613 = ?	856
840 + 441 = ?	1281
843 + 889 = ?	1732
854 + 832 = ?	1686
637 + 908 = ?	1545
556 + 504 = ?	1060
649 + 791 = ?	1440
406 + 358 = ?	764
670 + 460 = ?	1130
794 + 760 = ?	1554
762 + 81 = ?	843
613 + 710 = ?	1323
58 + 15 = ?	73
724 + 580 = ?	1304
366 + 477 = ?	843
743 + 468 = ?	1211
539 + 494 = ?	1033
881 + 491 = ?	1372
338 + 407 = ?	745
931 + 451 = ?	1382
844 + 568 = ?	1412
331 + 763 = ?	1094
482 + 552 = ?	1034
531 + 642 = ?	1173
768 + 836 = ?	1604
689 + 989 = ?	1678
852 + 108 = ?	960
369 + 712 = ?	1081
504 + 225 = ?	729
430 + 196 = ?	626
909 + 793 = ?	1702
304 + 68 = ?	372
587 + 847 = ?	1434
120 + 770 = ?	890
850 + 994 = ?	1844
384 + 667 = ?	1051
340 + 872 = ?	1212
582 + 118 = ?	700
498 + 889 = ?	1387
847 + 160 = ?	1007
531 + 314 = ?	845
516 + 128 = ?	644
104 + 401 = ?	505
21 + 748 = ?	769
398 + 268 = ?	666
998 + 822 = ?	1820
917 + 606 = ?	1523
628 + 628 = ?	1256
630 + 938 = ?	1568
391 + 431 = ?	822
177 + 344 = ?	521
8 + 994 = ?	1002
338 + 557 = ?	895
316 + 614 = ?	930
191 + 296 = ?	487
259 + 215 = ?	474
24 + 169 = ?	193
607 + 223 = ?	830
927 + 195 = ?	1122
690 + 746 = ?	1436
448 + 57 = ?	505
420 + 629 = ?	1049
307 + 949 = ?	1256
142 + 765 = ?	907
598 + 402 = ?	1000
566 + 59 = ?	625
7 + 834 = ?	841
415 + 3 = ?	418
278 + 681 = ?	959
170 + 670 = ?	840
703 + 191 = ?	894
525 + 739 = ?	1264
633 + 175 = ?	808
713 + 225 = ?	938
981 + 811 = ?	1792
802 + 979 = ?	1781
620 + 264 = ?	884
879 + 921 = ?	1800
477 + 913 = ?	1390
984 + 769 = ?	1753
761 + 140 = ?	901
650 + 299 = ?	949
903 + 677 = ?	1580
515 + 999 = ?	1514
720 + 814 = ?	1534
284 + 420 = ?	704
963 + 235 = ?	1198
623 + 960 = ?	1583
782 + 276 = ?	1058
460 + 342 = ?	802
866 + 964 = ?	1830
74 + 561 = ?	635
114 + 264 = ?	378
507 + 5 = ?	512
732 + 429 = ?	1161
809 + 986 = ?	1795
440 + 432 = ?	872
649 + 699 = ?	1348
553 + 253 = ?	806
961 + 775 = ?	1736
654 + 775 = ?	1429
416 + 608 = ?	1024
969 + 771 = ?	1740
107 + 578 = ?	685
984 + 378 = ?	1362
154 + 737 = ?	891
288 + 835 = ?	1123
821 + 841 = ?	1662
733 + 213 = ?	946
970 + 676 = ?	1646
749 + 4 = ?	753
637 + 571 = ?	1208
346 + 571 = ?	917
4 + 363 = ?	367
123 + 994 = ?	1117
297 + 882 = ?	1179
40 + 38 = ?	78
508 + 208 = ?	716
777 + 207 = ?	984
963 + 897 = ?	1860
489 + 518 = ?	1007
875 + 728 = ?	1603
985 + 809 = ?	1794
859 + 767 = ?	1626
464 + 89 = ?	553
325 + 140 = ?	465
977 + 395 = ?	1372
241 + 338 = ?	579
411 + 747 = ?	1158
74 + 156 = ?	230
793 + 371 = ?	1164
649 + 236 = ?	885
84 + 188 = ?	272
221 + 172 = ?	393
555 + 195 = ?	750
540 + 564 = ?	1104
802 + 410 = ?	1212
266 + 435 = ?	701
924 + 479 = ?	1403
444 + 741 = ?	1185
822 + 861 = ?	1683
238 + 526 = ?	764
36 + 642 = ?	678
55 + 738 = ?	793
372 + 690 = ?	1062
953 + 134 = ?	1087
48 + 982 = ?	1030
368 + 164 = ?	532
109 + 411 = ?	520
931 + 652 = ?	1583
675 + 403 = ?	1078
762 + 243 = ?	1005
713 + 923 = ?	1636
657 + 71 = ?	728
773 + 245 = ?	1018
8 + 992 = ?	1000
865 + 729 = ?	1594
739 + 86 = ?	825
739 + 754 = ?	1493
393 + 969 = ?	1362
800 + 97 = ?	897
381 + 414 = ?	795
48 + 468 = ?	516
907 + 131 = ?	1038
234 + 200 = ?	434
101 + 173 = ?	274
621 + 185 = ?	806
233 + 403 = ?	636
858 + 463 = ?	1321
443 + 237 = ?	680
4 + 289 = ?	293
951 + 192 = ?	1143
514 + 796 = ?	1310
262 + 211 = ?	473
677 + 907 = ?	1584
530 + 538 = ?	1068
29 + 802 = ?	831
759 + 636 = ?	1395
401 + 266 = ?	667
699 + 601 = ?	1300
895 + 274 = ?	1169
610 + 118 = ?	728
671 + 254 = ?	925
254 + 275 = ?	529
237 + 135 = ?	372
415 + 23 = ?	438
852 + 943 = ?	1795
524 + 513 = ?	1037
348 + 402 = ?	750
779 + 929 = ?	1708
853 + 224 = ?	1077
902 + 402 = ?	1304
298 + 846 = ?	1144
709 + 632 = ?	1341
590 + 399 = ?	989
448 + 255 = ?	703
396 + 35 = ?	431
114 + 85 = ?	199
274 + 161 = ?	435
549 + 786 = ?	1335
886 + 639 = ?	1525
866 + 433 = ?	1299
187 + 782 = ?	969
679 + 160 = ?	839
84 + 210 = ?	294
675 + 392 = ?	1067
341 + 917 = ?	1258
449 + 614 = ?	1063
717 + 850 = ?	1567
424 + 248 = ?	672
807 + 848 = ?	1655
533 + 72 = ?	605
998 + 227 = ?	1225
638 + 523 = ?	1161
296 + 50 = ?	346
775 + 858 = ?	1633
407 + 867 = ?	1274
534 + 541 = ?	1075
136 + 305 = ?	441
119 + 98 = ?	217
574 + 618 = ?	1192
186 + 537 = ?	723
997 + 759 = ?	1756
855 + 602 = ?	1457
700 + 128 = ?	828
734 + 121 = ?	855
595 + 780 = ?	1375
60 + 159 = ?	219
392 + 938 = ?	1330
495 + 105 = ?	600
915 + 728 = ?	1643
219 + 975 = ?	1194
496 + 441 = ?	937
344 + 56 = ?	400
134 + 876 = ?	1010
103 + 187 = ?	290
365 + 527 = ?	892
82 + 984 = ?	1066
67 + 744 = ?	811
350 + 46 = ?	396
201 + 820 = ?	1021
554 + 161 = ?	715
17 + 749 = ?	766
301 + 620 = ?	921
453 + 287 = ?	740
963 + 423 = ?	1386
634 + 117 = ?	751
880 + 986 = ?	1866
343 + 238 = ?	581
449 + 308 = ?	757
420 + 502 = ?	922
887 + 672 = ?	1559
959 + 505 = ?	1464
962 + 505 = ?	1467
751 + 582 = ?	1333
503 + 857 = ?	1360
540 + 395 = ?	935
980 + 832 = ?	1812
284 + 786 = ?	1070
346 + 961 = ?	1307
896 + 913 = ?	1809
386 + 798 = ?	1184
235 + 246 = ?	481
560 + 774 = ?	1334
325 + 736 = ?	1061
890 + 289 = ?	1179
909 + 677 = ?	1586
306 + 252 = ?	558
529 + 523 = ?	1052
983 + 796 = ?	1779
742 + 188 = ?	930
215 + 336 = ?	551
590 + 795 = ?	1385
619 + 453 = ?	1072
653 + 960 = ?	1613
25 + 7 = ?	32
299 + 721 = ?	1020
854 + 814 = ?	1668
241 + 917 = ?	1158
299 + 156 = ?	455
322 + 984 = ?	1306
177 + 392 = ?	569
155 + 352 = ?	507
347 + 355 = ?	702
874 + 638 = ?	1512
1 + 659 = ?	660
283 + 473 = ?	756
60 + 71 = ?	131
561 + 986 = ?	1547
250 + 222 = ?	472
791 + 93 = ?	884
585 + 597 = ?	1182
783 + 412 = ?	1195
634 + 615 = ?	1249
438 + 875 = ?	1313
860 + 97 = ?	957
476 + 284 = ?	760
949 + 516 = ?	1465
994 + 787 = ?	1781
589 + 600 = ?	1189
674 + 382 = ?	1056
255 + 610 = ?	865
814 + 979 = ?	1793
671 + 480 = ?	1151
902 + 883 = ?	1785
267 + 779 = ?	1046
787 + 301 = ?	1088
470 + 249 = ?	719
185 + 770 = ?	955
171 + 207 = ?	378
562 + 336 = ?	898
319 + 235 = ?	554
101 + 606 = ?	707
427 + 294 = ?	721
652 + 658 = ?	1310
318 + 934 = ?	1252
955 + 829 = ?	1784
779 + 947 = ?	1726
512 + 24 = ?	536
934 + 455 = ?	1389
432 + 220 = ?	652
139 + 917 = ?	1056
35 + 711 = ?	746
938 + 320 = ?	1258
959 + 563 = ?	1522
739 + 605 = ?	1344
103 + 495 = ?	598
293 + 474 = ?	767
41 + 55 = ?	96
51 + 452 = ?	503
246 + 348 = ?	594
572 + 818 = ?	1390
65 + 865 = ?	930
984 + 750 = ?	1734
455 + 30 = ?	485
263 + 841 = ?	1104
516 + 396 = ?	912
790 + 416 = ?	1206
312 + 945 = ?	1257
47 + 867 = ?	914
50 + 50 = ?	100
851 + 359 = ?	1210
111 + 749 = ?	860
635 + 538 = ?	1173
384 + 257 = ?	641
777 + 524 = ?	1301
60 + 866 = ?	926
897 + 223 = ?	1120
698 + 746 = ?	1444
449 + 734 = ?	1183
207 + 885 = ?	1092
977 + 297 = ?	1274
302 + 215 = ?	517
490 + 547 = ?	1037
394 + 531 = ?	925
230 + 409 = ?	639
416 + 779 = ?	1195
151 + 799 = ?	950
1 + 245 = ?	246
289 + 795 = ?	1084
112 + 230 = ?	342
414 + 407 = ?	821
862 + 27 = ?	889
162 + 340 = ?	502
1 + 958 = ?	959
111 + 442 = ?	553
508 + 710 = ?	1218
274 + 107 = ?	381
489 + 635 = ?	1124
29 + 371 = ?	400
333 + 743 = ?	1076
410 + 928 = ?	1338
431 + 531 = ?	962
551 + 102 = ?	653
780 + 476 = ?	1256
467 + 123 = ?	590
841 + 449 = ?	1290
529 + 61 = ?	590
260 + 640 = ?	900
229 + 310 = ?	539
322 + 201 = ?	523
597 + 17 = ?	614
242 + 888 = ?	1130
914 + 837 = ?	1751
479 + 811 = ?	1290
863 + 58 = ?	921
683 + 349 = ?	1032
333 + 971 = ?	1304
228 + 578 = ?	806
743 + 128 = ?	871
330 + 141 = ?	471
246 + 263 = ?	509
930 + 972 = ?	1902
482 + 169 = ?	651
48 + 902 = ?	950
494 + 678 = ?	1172
460 + 921 = ?	1381
863 + 826 = ?	1689
711 + 332 = ?	1043
191 + 827 = ?	1018
150 + 169 = ?	319
603 + 290 = ?	893
47 + 211 = ?	258
319 + 133 = ?	452
138 + 90 = ?	228
20 + 187 = ?	207
918 + 120 = ?	1038
89 + 380 = ?	469
9 + 71 = ?	80
932 + 61 = ?	993
188 + 989 = ?	1177
816 + 87 = ?	903
31 + 74 = ?	105
153 + 30 = ?	183
110 + 132 = ?	242
706 + 527 = ?	1233
620 + 827 = ?	1447
475 + 734 = ?	1209
241 + 580 = ?	821
88 + 85 = ?	173
569 + 774 = ?	1343
230 + 37 = ?	267
590 + 630 = ?	1220
687 + 409 = ?	1096
849 + 882 = ?	1731
493 + 307 = ?	800
4 + 638 = ?	642
280 + 439 = ?	719
853 + 522 = ?	1375
533 + 938 = ?	1471
619 + 712 = ?	1331
457 + 414 = ?	871
162 + 447 = ?	609
896 + 704 = ?	1600
772 + 346 = ?	1118
995 + 167 = ?	1162
855 + 467 = ?	1322
291 + 68 = ?	359
254 + 169 = ?	423
248 + 420 = ?	668
918 + 796 = ?	1714
556 + 781 = ?	1337
454 + 260 = ?	714
968 + 421 = ?	1389
603 + 153 = ?	756
909 + 755 = ?	1664
984 + 246 = ?	1230
79 + 799 = ?	878
361 + 842 = ?	1203
734 + 689 = ?	1423
813 + 330 = ?	1143
148 + 952 = ?	1100
318 + 686 = ?	1004
548 + 645 = ?	1193
799 + 856 = ?	1655
112 + 881 = ?	993
600 + 77 = ?	677
296 + 881 = ?	1177
216 + 765 = ?	981
515 + 206 = ?	721
414 + 307 = ?	721
635 + 752 = ?	1387
317 + 216 = ?	533
823 + 452 = ?	1275
78 + 688 = ?	766
861 + 650 = ?	1511
29 + 909 = ?	938
735 + 111 = ?	846
346 + 295 = ?	641
383 + 984 = ?	1367
19 + 568 = ?	587
702 + 248 = ?	950
165 + 289 = ?	454
659 + 339 = ?	998
725 + 554 = ?	1279
845 + 284 = ?	1129
708 + 621 = ?	1329
301 + 445 = ?	746
738 + 610 = ?	1348
825 + 155 = ?	980
317 + 623 = ?	940
124 + 924 = ?	1048
890 + 135 = ?	1025
147 + 327 = ?	474
593 + 693 = ?	1286
236 + 617 = ?	853
126 + 674 = ?	800
776 + 559 = ?	1335
143 + 682 = ?	825
670 + 609 = ?	1279
693 + 74 = ?	767
60 + 751 = ?	811
172 + 446 = ?	618
794 + 51 = ?	845
507 + 409 = ?	916
121 + 435 = ?	556
991 + 86 = ?	1077
264 + 996 = ?	1260
4 + 222 = ?	226
924 + 330 = ?	1254
16 + 440 = ?	456
553 + 832 = ?	1385
993 + 742 = ?	1735
577 + 770 = ?	1347
584 + 237 = ?	821
388 + 845 = ?	1233
126 + 829 = ?	955
572 + 463 = ?	1035
897 + 545 = ?	1442
91 + 37 = ?	128
880 + 760 = ?	1640
415 + 960 = ?	1375
536 + 472 = ?	1008
165 + 540 = ?	705
621 + 499 = ?	1120
182 + 82 = ?	264
273 + 619 = ?	892
721 + 721 = ?	1442
50 + 927 = ?	977
447 + 929 = ?	1376
594 + 491 = ?	1085
132 + 958 = ?	1090
294 + 528 = ?	822
343 + 642 = ?	985
663 + 601 = ?	1264
976 + 998 = ?	1974
836 + 737 = ?	1573
189 + 120 = ?	309
18 + 71 = ?	89
51 + 409 = ?	460
595 + 515 = ?	1110
156 + 668 = ?	824
231 + 481 = ?	712
847 + 514 = ?	1361
873 + 921 = ?	1794
839 + 334 = ?	1173
253 + 493 = ?	746
619 + 557 = ?	1176
610 + 468 = ?	1078
185 + 968 = ?	1153
553 + 962 = ?	1515
525 + 513 = ?	1038
396 + 450 = ?	846
751 + 588 = ?	1339
677 + 180 = ?	857
532 + 425 = ?	957
725 + 216 = ?	941
763 + 144 = ?	907
566 + 95 = ?	661
267 + 587 = ?	854
758 + 0 = ?	758
717 + 646 = ?	1363
983 + 431 = ?	1414
149 + 366 = ?	515
419 + 769 = ?	1188
924 + 538 = ?	1462
514 + 733 = ?	1247
942 + 709 = ?	1651
12 + 32 = ?	44
35 + 215 = ?	250
796 + 569 = ?	1365
358 + 975 = ?	1333
520 + 154 = ?	674
428 + 105 = ?	533
407 + 941 = ?	1348
939 + 966 = ?	1905
94 + 167 = ?	261
772 + 401 = ?	1173
889 + 626 = ?	1515
657 + 195 = ?	852
395 + 326 = ?	721
160 + 395 = ?	555
682 + 641 = ?	1323
468 + 308 = ?	776
149 + 412 = ?	561
359 + 289 = ?	648
961 + 759 = ?	1720
265 + 153 = ?	418
178 + 230 = ?	408
681 + 249 = ?	930
199 + 905 = ?	1104
919 + 944 = ?	1863
858 + 500 = ?	1358
983 + 156 = ?	1139
912 + 756 = ?	1668
243 + 492 = ?	735
212 + 849 = ?	1061
342 + 359 = ?	701
469 + 998 = ?	1467
879 + 807 = ?	1686
733 + 223 = ?	956
644 + 725 = ?	1369
878 + 286 = ?	1164
645 + 349 = ?	994
379 + 250 = ?	629
413 + 682 = ?	1095
517 + 262 = ?	779
88 + 638 = ?	726
741 + 582 = ?	1323
652 + 750 = ?	1402
731 + 993 = ?	1724
533 + 8 = ?	541
782 + 990 = ?	1772
949 + 109 = ?	1058
569 + 526 = ?	1095
444 + 340 = ?	784
104 + 639 = ?	743
778 + 721 = ?	1499
903 + 859 = ?	1762
699 + 401 = ?	1100
865 + 932 = ?	1797
861 + 322 = ?	1183
798 + 203 = ?	1001
502 + 379 = ?	881
99 + 528 = ?	627
3 + 668 = ?	671
204 + 832 = ?	1036
431 + 224 = ?	655
743 + 303 = ?	1046
455 + 938 = ?	1393
23 + 439 = ?	462
210 + 241 = ?	451
979 + 985 = ?	1964
988 + 448 = ?	1436
377 + 985 = ?	1362
804 + 919 = ?	1723
719 + 906 = ?	1625
931 + 581 = ?	1512
887 + 798 = ?	1685
628 + 960 = ?	1588
394 + 269 = ?	663
626 + 37 = ?	663
319 + 320 = ?	639
348 + 636 = ?	984
608 + 547 = ?	1155
571 + 80 = ?	651
580 + 560 = ?	1140
384 + 174 = ?	558
409 + 505 = ?	914
10 + 575 = ?	585
601 + 636 = ?	1237
575 + 412 = ?	987
935 + 408 = ?	1343
504 + 678 = ?	1182
467 + 749 = ?	1216
67 + 807 = ?	874
196 + 333 = ?	529
338 + 424 = ?	762
377 + 330 = ?	707
362 + 527 = ?	889
394 + 127 = ?	521
768 + 430 = ?	1198
131 + 188 = ?	319
332 + 532 = ?	864
162 + 850 = ?	1012
307 + 985 = ?	1292
684 + 446 = ?	1130
46 + 56 = ?	102
339 + 227 = ?	566
23 + 104 = ?	127
954 + 759 = ?	1713
727 + 984 = ?	1711
243 + 553 = ?	796
198 + 176 = ?	374
98 + 21 = ?	119
472 + 976 = ?	1448
753 + 316 = ?	1069
584 + 112 = ?	696
881 + 177 = ?	1058
343 + 255 = ?	598
278 + 655 = ?	933
478 + 891 = ?	1369
202 + 275 = ?	477
975 + 687 = ?	1662
185 + 64 = ?	249
478 + 10 = ?	488
522 + 54 = ?	576
